Subfolder,Pattern
特征值,GB-RTS-G05-001-01
特征值,GB-RTS-G05-001-02
特征值,GB-RTS-G05-001-03
特征值,GB-RHS-G05-001-01
特征值,GB-RHS-G05-001-02
特征值,GB-RHS-G05-001-03
特征值,GB-DIS-G05-001-01Y
特征值,GB-DIS-G05-001-02Y
特征值,GB-DIS-P04-001-01-X
特征值,GB-DIS-P05-001-01-X
特征值,GB-DIS-P06-001-01-X
特征值,GB-DIS-P04-001-01-Y
特征值,GB-DIS-P05-001-01-Y
特征值,GB-DIS-P06-001-01-Y
波形,GB-DIS-P04-001-01-X
波形,GB-DIS-P05-001-01-X
波形,GB-DIS-P06-001-01-X
波形,GB-DIS-P04-001-01-Y
波形,GB-DIS-P05-001-01-Y
波形,GB-DIS-P06-001-01-Y
特征值,GB-DIS-G05-001-01Y
特征值,GB-DIS-G05-001-02Y
特征值,GB-DIS-G05-002-01Y
特征值,GB-DIS-G05-002-02Y
特征值,GB-DIS-G05-002-03Y
特征值,GB-DIS-G05-003-01Y
特征值,GB-DIS-G05-003-02Y
特征值,GB-DIS-G06-001-01Y
特征值,GB-DIS-G06-001-02Y
特征值,GB-DIS-G06-002-01Y
特征值,GB-DIS-G06-002-02Y
特征值,GB-DIS-G06-002-03Y
特征值,GB-DIS-G06-003-01Y
特征值,GB-DIS-G06-003-02Y
